{
    "frames": [
        {
            "filename": "persona_0",
            "frame": {
                "w": 32,
                "h": 32,
                "x": 0,
                "y": 0
            },
            "anchor": {
                "x": 0.5,
                "y": 0.5
            }
        },
        {
            "filename": "persona_1",
            "frame": {
                "w": 32,
                "h": 32,
                "x": 32,
                "y": 0
            },
            "anchor": {
                "x": 0.5,
                "y": 0.5
            }
        },
        {
            "filename": "persona_2",
            "frame": {
                "w": 32,
                "h": 32,
                "x": 0,
                "y": 32
            },
            "anchor": {
                "x": 0.5,
                "y": 0.5
            }
        },
        {
            "filename": "persona_3",
            "frame": {
                "w": 32,
                "h": 32,
                "x": 32,
                "y": 32
            },
            "anchor": {
                "x": 0.5,
                "y": 0.5
            }
        },
        {
            "filename": "persona_4",
            "frame": {
                "w": 32,
                "h": 32,
                "x": 64,
                "y": 0
            },
            "anchor": {
                "x": 0.5,
                "y": 0.5
            }
        },
        {
            "filename": "persona_5",
            "frame": {
                "w": 32,
                "h": 32,
                "x": 64,
                "y": 32
            },
            "anchor": {
                "x": 0.5,
                "y": 0.5
            }
        },
        {
            "filename": "persona_6",
            "frame": {
                "w": 32,
                "h": 32,
                "x": 0,
                "y": 64
            },
            "anchor": {
                "x": 0.5,
                "y": 0.5
            }
        },
        {
            "filename": "persona_7",
            "frame": {
                "w": 32,
                "h": 32,
                "x": 32,
                "y": 64
            },
            "anchor": {
                "x": 0.5,
                "y": 0.5
            }
        },
        {
            "filename": "persona_8",
            "frame": {
                "w": 32,
                "h": 32,
                "x": 64,
                "y": 64
            },
            "anchor": {
                "x": 0.5,
                "y": 0.5
            }
        },
        {
            "filename": "persona_9",
            "frame": {
                "w": 32,
                "h": 32,
                "x": 96,
                "y": 0
            },
            "anchor": {
                "x": 0.5,
                "y": 0.5
            }
        }
    ],
    "meta": {
        "description": "Atlas generado con Atlas Packer Gamma V2",
        "web": "https://gammafp.github.io/atlas-packer-phaser/"
    }
}